{
    "name" : "POV - Auto Play",
    "plugin" : "plugin.video.pov",
    "priority" : 201,
    "is_resolvable": "true",
    "play_movie": "executebuiltin://RunPlugin(plugin://plugin.video.pov/?mode=play_media&media_type=movie&query={name}&year={year}&poster={poster}&title={title}&tmdb_id={id}&autoplay=True)",
    "play_episode": "executebuiltin://RunPlugin(plugin://plugin.video.pov/?mode=play_media&media_type=episode&query={showname}&year={year}&season={season}&episode={episode}&ep_name={title}&tmdb_id={tmdb}&premiered={firstaired}&autoplay=True)"
}