{
    "name": "POV - Options Menu",
    "plugin": "plugin.video.pov",
    "priority": 202,
    "is_resolvable": "true",
    "play_movie": "executebuiltin://RunPlugin(plugin://plugin.video.pov/?mode=options_menu_choice&media_type=movie&query={name}&year={year}&poster={poster}&title={title}&tmdb_id={id}&autoplay=False)",
    "play_episode": "executebuiltin://RunPlugin(plugin://plugin.video.pov/?mode=options_menu_choice&media_type=episode&query={showname}&year={year}&season={season}&episode={episode}&ep_name={title}&tmdb_id={tmdb}&premiered={firstaired}&autoplay=False)"
}
