{
    "name" : "[COLOR red]Umbrella[/COLOR] (Auto Play)", 
    "plugin" : "plugin.video.umbrella", 
    "priority" : 101, 
    "is_resolvable" : "true", 
    "play_episode" : "plugin://plugin.video.umbrella/?action=play&title={title_url}&year={showyear}&imdb={imdb}&tmdb={tmdb}&season={season}&episode={episode}&tvshowtitle={showname_url}&premiered={firstaired}&select=1", 
    "play_movie" : "plugin://plugin.video.umbrella/?action=play&title={title_url}&year={year}&imdb={imdb}&tmdb={tmdb}&select=1"
}